,client_id,quantity,price,category_ids,date_purchase,message_id,target,bulk_campaign_id,event,channel,created_at,has_interaction,total_clicks,total_purchases,total_opens,total_clicks_email,total_clicks_push,total_opens_email,total_opens_push,total_purchases_email,total_purchases_push
0,1515915625468169594,1,1999.0,"['4', '28', '57', '431']",2022-05-16,1515915625468169594-4301-627b661e9736d,0,-1.0,no_information,no_information,1970-01-01 00:00:00,0,0.0,0.0,0.0,0.0,0.0,0.0,0.0,0.0,0.0
1,1515915625468169594,1,2499.0,"['4', '28', '57', '431']",2022-05-16,1515915625468169594-4301-627b661e9736d,0,-1.0,no_information,no_information,1970-01-01 00:00:00,0,0.0,0.0,0.0,0.0,0.0,0.0,0.0,0.0,0.0
2,1515915625471138230,1,6499.0,"['4', '28', '57', '431']",2022-05-16,1515915625471138230-4437-6282242f27843,0,-1.0,no_information,no_information,1970-01-01 00:00:00,0,0.0,0.0,0.0,0.0,0.0,0.0,0.0,0.0,0.0
3,1515915625471138230,1,4999.0,"['4', '28', '244', '432']",2022-05-16,1515915625471138230-4437-6282242f27843,0,-1.0,no_information,no_information,1970-01-01 00:00:00,0,0.0,0.0,0.0,0.0,0.0,0.0,0.0,0.0,0.0
4,1515915625471138230,1,4999.0,"['4', '28', '49', '413']",2022-05-16,1515915625471138230-4437-6282242f27843,0,-1.0,no_information,no_information,1970-01-01 00:00:00,0,0.0,0.0,0.0,0.0,0.0,0.0,0.0,0.0,0.0
5,1515915625471640575,1,3499.0,"['2', '18', '258', '441']",2022-05-16,1515915625471640575-4301-627b661b67ac3,0,-1.0,no_information,no_information,1970-01-01 00:00:00,0,0.0,0.0,0.0,0.0,0.0,0.0,0.0,0.0,0.0
6,1515915625490211585,1,1699.0,"['2', '18', '341', '1311']",2022-05-16,1515915625490211585-4301-627b661843283,0,-1.0,no_information,no_information,1970-01-01 00:00:00,0,0.0,0.0,0.0,0.0,0.0,0.0,0.0,0.0,0.0
7,1515915625490739153,1,1999.0,"['2', '18', '123', '451']",2022-05-16,1515915625490739153-4172-626b943cc789b,0,4172.0,open,email,2022-05-27,1,320.0,7.0,20223.0,320.0,0.0,20223.0,0.0,7.0,0.0
8,1515915625491478747,1,999.0,"['5562', '5631', '5549', '667']",2022-05-16,1515915625491478747-4273-6274ceb769d59,0,-1.0,no_information,no_information,1970-01-01 00:00:00,0,0.0,0.0,0.0,0.0,0.0,0.0,0.0,0.0,0.0
9,1515915625491651493,1,699.0,"['5562', '5630', '5649', '678']",2022-05-16,1515915625491651493-4437-6282242f2a9e2,0,-1.0,no_information,no_information,1970-01-01 00:00:00,0,0.0,0.0,0.0,0.0,0.0,0.0,0.0,0.0,0.0
10,1515915625491757718,1,2199.0,"['4', '28', '57', '431']",2022-05-16,1515915625491757718-4301-627b661681560,0,-1.0,no_information,no_information,1970-01-01 00:00:00,0,0.0,0.0,0.0,0.0,0.0,0.0,0.0,0.0,0.0
11,1515915625491869271,2,599.0,"['4', '27', '350', '1392']",2022-05-16,1515915625491869271-2090-61a72488d6a0f,0,2090.0,click,email,2023-04-12,1,33.0,0.0,1470.0,33.0,0.0,1470.0,0.0,0.0,0.0
12,1515915625491869271,2,599.0,"['4', '27', '350', '1392']",2022-05-16,1515915625491869271-2090-61a72488d6a0f,0,2090.0,click,email,2023-04-18,1,33.0,0.0,1470.0,33.0,0.0,1470.0,0.0,0.0,0.0
13,1515915625491869271,2,599.0,"['4', '27', '350', '1392']",2022-05-16,1515915625491869271-2090-61a72488d6a0f,0,2090.0,click,email,2023-06-13,1,33.0,0.0,1470.0,33.0,0.0,1470.0,0.0,0.0,0.0
14,1515915625491869271,2,599.0,"['4', '27', '350', '1392']",2022-05-16,1515915625491869271-2090-61a72488d6a0f,0,2090.0,click,email,2023-12-28,1,33.0,0.0,1470.0,33.0,0.0,1470.0,0.0,0.0,0.0
15,1515915625491869271,2,599.0,"['4', '27', '350', '1392']",2022-05-16,1515915625491869271-2090-61a72488d6a0f,0,2090.0,click,email,2023-04-12,1,33.0,0.0,1470.0,33.0,0.0,1470.0,0.0,0.0,0.0
16,1515915625491869271,2,599.0,"['4', '27', '350', '1392']",2022-05-16,1515915625491869271-2090-61a72488d6a0f,0,2090.0,click,email,2023-04-18,1,33.0,0.0,1470.0,33.0,0.0,1470.0,0.0,0.0,0.0
17,1515915625491869271,2,599.0,"['4', '27', '350', '1392']",2022-05-16,1515915625491869271-2090-61a72488d6a0f,0,2090.0,click,email,2023-06-13,1,33.0,0.0,1470.0,33.0,0.0,1470.0,0.0,0.0,0.0
18,1515915625491869271,2,599.0,"['4', '27', '350', '1392']",2022-05-16,1515915625491869271-2090-61a72488d6a0f,0,2090.0,click,email,2023-12-28,1,33.0,0.0,1470.0,33.0,0.0,1470.0,0.0,0.0,0.0
19,1515915625493306434,1,199.0,"['4', '28', '44', '490']",2022-05-16,1515915625493306434-4172-626b944176e60,0,-1.0,no_information,no_information,1970-01-01 00:00:00,0,0.0,0.0,0.0,0.0,0.0,0.0,0.0,0.0,0.0
20,1515915625493306434,1,799.0,"['2', '18', '267', '443']",2022-05-16,1515915625493306434-4172-626b944176e60,0,-1.0,no_information,no_information,1970-01-01 00:00:00,0,0.0,0.0,0.0,0.0,0.0,0.0,0.0,0.0,0.0
21,1515915625501479953,1,3299.0,"['4', '28', '213', '417']",2022-05-16,1515915625501479953-4301-627b661a9c017,0,-1.0,no_information,no_information,1970-01-01 00:00:00,0,0.0,0.0,0.0,0.0,0.0,0.0,0.0,0.0,0.0
22,1515915625505035266,1,299.0,"['5562', '5589', '5584', '1786']",2022-05-16,1515915625505035266-4301-627b66271aa2d,0,-1.0,no_information,no_information,1970-01-01 00:00:00,0,0.0,0.0,0.0,0.0,0.0,0.0,0.0,0.0,0.0
23,1515915625505035266,1,199.0,"['5562', '5589', '5584', '1795']",2022-05-16,1515915625505035266-4301-627b66271aa2d,0,-1.0,no_information,no_information,1970-01-01 00:00:00,0,0.0,0.0,0.0,0.0,0.0,0.0,0.0,0.0,0.0
24,1515915625505035266,1,399.0,"['5562', '5630', '5699', '550']",2022-05-16,1515915625505035266-4301-627b66271aa2d,0,-1.0,no_information,no_information,1970-01-01 00:00:00,0,0.0,0.0,0.0,0.0,0.0,0.0,0.0,0.0,0.0
25,1515915625559342708,1,2499.0,"['4', '28', '57', '431']",2022-05-16,1515915625559342708-4273-6274cebd2d347,0,-1.0,no_information,no_information,1970-01-01 00:00:00,0,0.0,0.0,0.0,0.0,0.0,0.0,0.0,0.0,0.0
26,1515915625566606509,1,349.0,"['5562', '5634', '5579', '710']",2022-05-16,1515915625566606509-4301-627b66245401d,0,4301.0,open,email,2022-06-01,1,1712.0,21.0,37878.0,1712.0,0.0,37878.0,0.0,21.0,0.0
27,1515915625566606509,1,299.0,"['5562', '5634', '5579', '710']",2022-05-16,1515915625566606509-4301-627b66245401d,0,4301.0,open,email,2022-06-01,1,1712.0,21.0,37878.0,1712.0,0.0,37878.0,0.0,21.0,0.0
28,1515915625566606509,1,299.0,"['5562', '5634', '5579', '710']",2022-05-16,1515915625566606509-4301-627b66245401d,0,4301.0,open,email,2022-06-01,1,1712.0,21.0,37878.0,1712.0,0.0,37878.0,0.0,21.0,0.0
29,1515915625566606509,1,999.0,"['5562', '5634', '5568', '957']",2022-05-16,1515915625566606509-4301-627b66245401d,0,4301.0,open,email,2022-06-01,1,1712.0,21.0,37878.0,1712.0,0.0,37878.0,0.0,21.0,0.0
30,1515915625566606509,1,399.0,"['5562', '5634', '5693', '636']",2022-05-16,1515915625566606509-4301-627b66245401d,0,4301.0,open,email,2022-06-01,1,1712.0,21.0,37878.0,1712.0,0.0,37878.0,0.0,21.0,0.0
31,1515915625568837141,1,1499.0,"['2', '18', '344', '445']",2022-05-16,1515915625568837141-3401-6230443f82be9,0,-1.0,no_information,no_information,1970-01-01 00:00:00,0,0.0,0.0,0.0,0.0,0.0,0.0,0.0,0.0,0.0
32,1515915625575547398,1,249.0,"['4', '27', '353', '840']",2022-05-16,1515915625575547398-4438-62822b35360b7,0,-1.0,no_information,no_information,1970-01-01 00:00:00,0,0.0,0.0,0.0,0.0,0.0,0.0,0.0,0.0,0.0
33,1515915625614212697,1,1499.0,"['4', '28', '343', '425']",2022-05-16,1515915625614212697-4301-627b661ab7f64,0,-1.0,no_information,no_information,1970-01-01 00:00:00,0,0.0,0.0,0.0,0.0,0.0,0.0,0.0,0.0,0.0
34,1515915625684011633,1,3599.0,"['2', '18', '258', '441']",2022-05-16,1515915625491871768-3948-62592654633be,0,-1.0,no_information,no_information,1970-01-01 00:00:00,0,0.0,0.0,0.0,0.0,0.0,0.0,0.0,0.0,0.0
35,1515915625730423268,1,1199.0,"['4', '28', '57', '431']",2022-05-16,1515915625490751146-4301-627b6626b6d85,0,-1.0,no_information,no_information,1970-01-01 00:00:00,0,0.0,0.0,0.0,0.0,0.0,0.0,0.0,0.0,0.0
36,1515915625776110064,1,1299.0,"['4', '31', '326', '505']",2022-05-16,1515915625468120968-4273-6274ceb961997,0,-1.0,no_information,no_information,1970-01-01 00:00:00,0,0.0,0.0,0.0,0.0,0.0,0.0,0.0,0.0,0.0
37,1515915625776110064,1,2199.0,"['4', '28', '260', '420']",2022-05-16,1515915625468120968-4273-6274ceb961997,0,-1.0,no_information,no_information,1970-01-01 00:00:00,0,0.0,0.0,0.0,0.0,0.0,0.0,0.0,0.0,0.0
38,1515915625783059271,1,1999.0,"['5562', '5631', '5622', '560']",2022-05-16,1515915625783059271-4346-627ca60b126d0,0,-1.0,no_information,no_information,1970-01-01 00:00:00,0,0.0,0.0,0.0,0.0,0.0,0.0,0.0,0.0,0.0
39,1515915625783059271,1,1499.0,"['5562', '5631', '5549', '608']",2022-05-16,1515915625783059271-4346-627ca60b126d0,0,-1.0,no_information,no_information,1970-01-01 00:00:00,0,0.0,0.0,0.0,0.0,0.0,0.0,0.0,0.0,0.0
40,1515915625783059271,1,2999.0,"['5562', '5631', '5622', '560']",2022-05-16,1515915625783059271-4346-627ca60b126d0,0,-1.0,no_information,no_information,1970-01-01 00:00:00,0,0.0,0.0,0.0,0.0,0.0,0.0,0.0,0.0,0.0
41,1515915625783059271,1,899.0,"['4', '28', '49', '413']",2022-05-16,1515915625783059271-4346-627ca60b126d0,0,-1.0,no_information,no_information,1970-01-01 00:00:00,0,0.0,0.0,0.0,0.0,0.0,0.0,0.0,0.0,0.0
42,1515915625468061099,1,299.0,"['4', '28', '290', '424']",2022-05-17,1515915625468061099-4439-62834141aa538,0,-1.0,no_information,no_information,1970-01-01 00:00:00,0,0.0,0.0,0.0,0.0,0.0,0.0,0.0,0.0,0.0
43,1515915625468063026,1,2699.0,"['2', '18', '212', '658']",2022-05-17,1515915625468063026-4439-628341397ba7a,1,-1.0,no_information,no_information,1970-01-01 00:00:00,0,0.0,0.0,0.0,0.0,0.0,0.0,0.0,0.0,0.0
44,1515915625468063026,1,1999.0,"['2', '18', '212', '658']",2022-05-17,1515915625468063026-4439-628341397ba7a,1,-1.0,no_information,no_information,1970-01-01 00:00:00,0,0.0,0.0,0.0,0.0,0.0,0.0,0.0,0.0,0.0
45,1515915625468063772,1,999.0,"['4', '27', '350', '1392']",2022-05-17,1515915625468063772-4439-6283413723865,0,-1.0,no_information,no_information,1970-01-01 00:00:00,0,0.0,0.0,0.0,0.0,0.0,0.0,0.0,0.0,0.0
46,1515915625468063772,1,2199.0,"['4', '28', '260', '420']",2022-05-17,1515915625468063772-4439-6283413723865,0,-1.0,no_information,no_information,1970-01-01 00:00:00,0,0.0,0.0,0.0,0.0,0.0,0.0,0.0,0.0,0.0
47,1515915625468070175,1,2199.0,"['4', '27', '142', '496']",2022-05-17,1515915625468070175-4439-6283414668daa,0,-1.0,no_information,no_information,1970-01-01 00:00:00,0,0.0,0.0,0.0,0.0,0.0,0.0,0.0,0.0,0.0
48,1515915625468070175,1,2199.0,"['4', '27', '142', '496']",2022-05-17,1515915625468070175-4439-6283414668daa,0,-1.0,no_information,no_information,1970-01-01 00:00:00,0,0.0,0.0,0.0,0.0,0.0,0.0,0.0,0.0,0.0
49,1515915625468073780,1,3499.0,"['4', '28', '260', '420']",2022-05-17,1515915625468073780-4439-6283415b328cd,1,-1.0,no_information,no_information,1970-01-01 00:00:00,0,0.0,0.0,0.0,0.0,0.0,0.0,0.0,0.0,0.0
50,1515915625468073780,1,2599.0,"['4', '28', '213', '436']",2022-05-17,1515915625468073780-4439-6283415b328cd,1,-1.0,no_information,no_information,1970-01-01 00:00:00,0,0.0,0.0,0.0,0.0,0.0,0.0,0.0,0.0,0.0
51,1515915625468073782,1,1999.0,"['4', '28', '275', '421']",2022-05-17,1515915625468073782-4439-62834134bfe7e,0,-1.0,no_information,no_information,1970-01-01 00:00:00,0,0.0,0.0,0.0,0.0,0.0,0.0,0.0,0.0,0.0
52,1515915625468078794,1,2999.0,"['4', '28', '213', '417']",2022-05-17,1515915625468078794-4439-6283412951e18,0,-1.0,no_information,no_information,1970-01-01 00:00:00,0,0.0,0.0,0.0,0.0,0.0,0.0,0.0,0.0,0.0
53,1515915625468078794,1,3999.0,"['4', '28', '213', '417']",2022-05-17,1515915625468078794-4439-6283412951e18,0,-1.0,no_information,no_information,1970-01-01 00:00:00,0,0.0,0.0,0.0,0.0,0.0,0.0,0.0,0.0,0.0
54,1515915625468078944,1,2999.0,"['4', '28', '213', '436']",2022-05-17,1515915625468078944-4439-62834140ea782,0,-1.0,no_information,no_information,1970-01-01 00:00:00,0,0.0,0.0,0.0,0.0,0.0,0.0,0.0,0.0,0.0
55,1515915625468085133,1,2999.0,"['4', '28', '213', '436']",2022-05-17,1515915625468085133-4439-62834130be8ff,0,-1.0,no_information,no_information,1970-01-01 00:00:00,0,0.0,0.0,0.0,0.0,0.0,0.0,0.0,0.0,0.0
56,1515915625468094895,1,1299.0,"['4', '28', '340', '1312']",2022-05-17,1515915625468094895-4439-6283413c95e9a,0,4439.0,open,email,2022-05-20,1,5452.0,92.0,32766.0,5452.0,0.0,32766.0,0.0,92.0,0.0
57,1515915625468094895,1,1299.0,"['4', '28', '340', '1312']",2022-05-17,1515915625468094895-4439-6283413c95e9a,0,4439.0,click,email,2022-05-20,1,5452.0,92.0,32766.0,5452.0,0.0,32766.0,0.0,92.0,0.0
58,1515915625468094895,1,699.0,"['4', '28', '340', '1312']",2022-05-17,1515915625468094895-4439-6283413c95e9a,0,4439.0,open,email,2022-05-20,1,5452.0,92.0,32766.0,5452.0,0.0,32766.0,0.0,92.0,0.0
59,1515915625468094895,1,699.0,"['4', '28', '340', '1312']",2022-05-17,1515915625468094895-4439-6283413c95e9a,0,4439.0,click,email,2022-05-20,1,5452.0,92.0,32766.0,5452.0,0.0,32766.0,0.0,92.0,0.0
60,1515915625468094895,1,1499.0,"['4', '28', '156', '416']",2022-05-17,1515915625468094895-4439-6283413c95e9a,0,4439.0,open,email,2022-05-20,1,5452.0,92.0,32766.0,5452.0,0.0,32766.0,0.0,92.0,0.0
61,1515915625468094895,1,1499.0,"['4', '28', '156', '416']",2022-05-17,1515915625468094895-4439-6283413c95e9a,0,4439.0,click,email,2022-05-20,1,5452.0,92.0,32766.0,5452.0,0.0,32766.0,0.0,92.0,0.0
62,1515915625468096101,1,399.0,"['4', '27', '181', '464']",2022-05-17,1515915625468096101-4439-62834142ca6ff,0,-1.0,no_information,no_information,1970-01-01 00:00:00,0,0.0,0.0,0.0,0.0,0.0,0.0,0.0,0.0,0.0
63,1515915625468096101,1,399.0,"['4', '27', '287', '510']",2022-05-17,1515915625468096101-4439-62834142ca6ff,0,-1.0,no_information,no_information,1970-01-01 00:00:00,0,0.0,0.0,0.0,0.0,0.0,0.0,0.0,0.0,0.0
64,1515915625468096101,1,299.0,"['4', '27', '350', '1392']",2022-05-17,1515915625468096101-4439-62834142ca6ff,0,-1.0,no_information,no_information,1970-01-01 00:00:00,0,0.0,0.0,0.0,0.0,0.0,0.0,0.0,0.0,0.0
65,1515915625468098052,1,1499.0,"['4', '31', '324', '466']",2022-05-17,1515915625468098052-4439-6283411cba4ad,0,-1.0,no_information,no_information,1970-01-01 00:00:00,0,0.0,0.0,0.0,0.0,0.0,0.0,0.0,0.0,0.0
66,1515915625468118597,1,2499.0,"['4', '28', '244', '432']",2022-05-17,1515915625468118597-4439-6283414ff3cdf,0,-1.0,no_information,no_information,1970-01-01 00:00:00,0,0.0,0.0,0.0,0.0,0.0,0.0,0.0,0.0,0.0
67,1515915625468126078,1,1499.0,"['4', '28', '275', '421']",2022-05-17,1515915625468126078-4439-6283411f7c0cc,0,-1.0,no_information,no_information,1970-01-01 00:00:00,0,0.0,0.0,0.0,0.0,0.0,0.0,0.0,0.0,0.0
68,1515915625468126078,1,1499.0,"['4', '28', '275', '421']",2022-05-17,1515915625468126078-4439-6283411f7c0cc,0,-1.0,no_information,no_information,1970-01-01 00:00:00,0,0.0,0.0,0.0,0.0,0.0,0.0,0.0,0.0,0.0
69,1515915625468126078,1,1499.0,"['4', '28', '249', '615']",2022-05-17,1515915625468126078-4439-6283411f7c0cc,0,-1.0,no_information,no_information,1970-01-01 00:00:00,0,0.0,0.0,0.0,0.0,0.0,0.0,0.0,0.0,0.0
70,1515915625468141317,1,49.0,"['4', '27', '38', '481']",2022-05-17,1515915625468141317-4439-6283412e01078,0,-1.0,no_information,no_information,1970-01-01 00:00:00,0,0.0,0.0,0.0,0.0,0.0,0.0,0.0,0.0,0.0
71,1515915625468141317,1,49.0,"['4', '27', '38', '481']",2022-05-17,1515915625468141317-4439-6283412e01078,0,-1.0,no_information,no_information,1970-01-01 00:00:00,0,0.0,0.0,0.0,0.0,0.0,0.0,0.0,0.0,0.0
72,1515915625468141317,1,49.0,"['4', '27', '38', '481']",2022-05-17,1515915625468141317-4439-6283412e01078,0,-1.0,no_information,no_information,1970-01-01 00:00:00,0,0.0,0.0,0.0,0.0,0.0,0.0,0.0,0.0,0.0
73,1515915625468142513,1,1299.0,"['4', '28', '146', '548']",2022-05-17,1515915625468142513-4439-6283412aed735,0,-1.0,no_information,no_information,1970-01-01 00:00:00,0,0.0,0.0,0.0,0.0,0.0,0.0,0.0,0.0,0.0
74,1515915625468148134,1,399.0,"['4', '1822', '1827', '1817']",2022-05-17,1515915625468148134-4439-6283415196b2b,0,-1.0,no_information,no_information,1970-01-01 00:00:00,0,0.0,0.0,0.0,0.0,0.0,0.0,0.0,0.0,0.0
75,1515915625468149862,1,1699.0,"['4', '28', '275', '421']",2022-05-17,1515915625468149862-4439-6283412ac98c6,0,-1.0,no_information,no_information,1970-01-01 00:00:00,0,0.0,0.0,0.0,0.0,0.0,0.0,0.0,0.0,0.0
76,1515915625468155959,1,999.0,"['4', '28', '275', '673']",2022-05-17,1515915625468155959-4439-62834145e0da0,0,-1.0,no_information,no_information,1970-01-01 00:00:00,0,0.0,0.0,0.0,0.0,0.0,0.0,0.0,0.0,0.0
77,1515915625468158647,1,2999.0,"['4', '28', '340', '1312']",2022-05-17,1515915625468158647-4301-627b6616b4762,0,-1.0,no_information,no_information,1970-01-01 00:00:00,0,0.0,0.0,0.0,0.0,0.0,0.0,0.0,0.0,0.0
78,1515915625468158647,1,1999.0,"['4', '28', '124', '415']",2022-05-17,1515915625468158647-4301-627b6616b4762,0,-1.0,no_information,no_information,1970-01-01 00:00:00,0,0.0,0.0,0.0,0.0,0.0,0.0,0.0,0.0,0.0
79,1515915625468158647,1,1299.0,"['4', '28', '260', '420']",2022-05-17,1515915625468158647-4301-627b6616b4762,0,-1.0,no_information,no_information,1970-01-01 00:00:00,0,0.0,0.0,0.0,0.0,0.0,0.0,0.0,0.0,0.0
80,1515915625468159856,1,599.0,"['4', '27', '84', '568']",2022-05-17,1515915625468159856-4439-6283412ab7b70,1,-1.0,no_information,no_information,1970-01-01 00:00:00,0,0.0,0.0,0.0,0.0,0.0,0.0,0.0,0.0,0.0
81,1515915625468159856,1,299.0,"['4', '27', '84', '568']",2022-05-17,1515915625468159856-4439-6283412ab7b70,1,-1.0,no_information,no_information,1970-01-01 00:00:00,0,0.0,0.0,0.0,0.0,0.0,0.0,0.0,0.0,0.0
82,1515915625468159856,1,399.0,"['4', '27', '84', '568']",2022-05-17,1515915625468159856-4439-6283412ab7b70,1,-1.0,no_information,no_information,1970-01-01 00:00:00,0,0.0,0.0,0.0,0.0,0.0,0.0,0.0,0.0,0.0
83,1515915625468165858,1,1199.0,"['4', '28', '213', '417']",2022-05-17,1515915625468165858-4439-628341203883e,0,-1.0,no_information,no_information,1970-01-01 00:00:00,0,0.0,0.0,0.0,0.0,0.0,0.0,0.0,0.0,0.0
84,1515915625468166394,1,1999.0,"['4', '28', '57', '431']",2022-05-17,1515915625468166394-4439-6283413265b68,0,-1.0,no_information,no_information,1970-01-01 00:00:00,0,0.0,0.0,0.0,0.0,0.0,0.0,0.0,0.0,0.0
85,1515915625468171618,1,3199.0,"['4', '28', '244', '432']",2022-05-17,1515915625468171618-4439-628341410166a,0,-1.0,no_information,no_information,1970-01-01 00:00:00,0,0.0,0.0,0.0,0.0,0.0,0.0,0.0,0.0,0.0
86,1515915625468178854,1,1999.0,"['4', '28', '275', '1305']",2022-05-17,1515915625468178854-4439-62834151a12f2,0,-1.0,no_information,no_information,1970-01-01 00:00:00,0,0.0,0.0,0.0,0.0,0.0,0.0,0.0,0.0,0.0
87,1515915625468178854,1,1499.0,"['4', '28', '275', '421']",2022-05-17,1515915625468178854-4439-62834151a12f2,0,-1.0,no_information,no_information,1970-01-01 00:00:00,0,0.0,0.0,0.0,0.0,0.0,0.0,0.0,0.0,0.0
88,1515915625468178854,1,1499.0,"['4', '28', '275', '421']",2022-05-17,1515915625468178854-4439-62834151a12f2,0,-1.0,no_information,no_information,1970-01-01 00:00:00,0,0.0,0.0,0.0,0.0,0.0,0.0,0.0,0.0,0.0
89,1515915625468186590,1,99.0,"['4', '27', '233', '462']",2022-05-17,1515915625468186590-4439-628341378e3c8,0,-1.0,no_information,no_information,1970-01-01 00:00:00,0,0.0,0.0,0.0,0.0,0.0,0.0,0.0,0.0,0.0
90,1515915625468193091,1,1999.0,"['4', '27', '142', '496']",2022-05-17,1515915625468193091-4439-62834137c0f70,0,-1.0,no_information,no_information,1970-01-01 00:00:00,0,0.0,0.0,0.0,0.0,0.0,0.0,0.0,0.0,0.0
91,1515915625468200447,1,49.0,"['4', '27', '38', '481']",2022-05-17,1515915625468200447-4439-6283411c54014,0,-1.0,no_information,no_information,1970-01-01 00:00:00,0,0.0,0.0,0.0,0.0,0.0,0.0,0.0,0.0,0.0
92,1515915625468200447,1,79.0,"['4', '27', '278', '586']",2022-05-17,1515915625468200447-4439-6283411c54014,0,-1.0,no_information,no_information,1970-01-01 00:00:00,0,0.0,0.0,0.0,0.0,0.0,0.0,0.0,0.0,0.0
93,1515915625468200447,1,299.0,"['4', '5837', '5838', '5504']",2022-05-17,1515915625468200447-4439-6283411c54014,0,-1.0,no_information,no_information,1970-01-01 00:00:00,0,0.0,0.0,0.0,0.0,0.0,0.0,0.0,0.0,0.0
94,1515915625468203376,1,2199.0,"['4', '28', '57', '431']",2022-05-17,1515915625468203376-4439-6283413c72487,0,-1.0,no_information,no_information,1970-01-01 00:00:00,0,0.0,0.0,0.0,0.0,0.0,0.0,0.0,0.0,0.0
95,1515915625468221626,1,1499.0,"['2', '18', '267', '443']",2022-05-17,1515915625468221626-4439-628341394ee14,0,-1.0,no_information,no_information,1970-01-01 00:00:00,0,0.0,0.0,0.0,0.0,0.0,0.0,0.0,0.0,0.0
96,1515915625468221626,1,1999.0,"['2', '18', '212', '726']",2022-05-17,1515915625468221626-4439-628341394ee14,0,-1.0,no_information,no_information,1970-01-01 00:00:00,0,0.0,0.0,0.0,0.0,0.0,0.0,0.0,0.0,0.0
97,1515915625468221626,1,1999.0,"['2', '18', '212', '726']",2022-05-17,1515915625468221626-4439-628341394ee14,0,-1.0,no_information,no_information,1970-01-01 00:00:00,0,0.0,0.0,0.0,0.0,0.0,0.0,0.0,0.0,0.0
98,1515915625468222806,1,2799.0,"['4', '28', '213', '436']",2022-05-17,1515915625468222806-4439-6283414b02b9e,0,-1.0,no_information,no_information,1970-01-01 00:00:00,0,0.0,0.0,0.0,0.0,0.0,0.0,0.0,0.0,0.0
99,1515915625468233951,1,399.0,"['5562', '5630', '5575', '681']",2022-05-17,1515915625468233951-4439-62834127007e1,0,-1.0,no_information,no_information,1970-01-01 00:00:00,0,0.0,0.0,0.0,0.0,0.0,0.0,0.0,0.0,0.0
100,1515915625468238518,1,2799.0,"['4', '28', '213', '436']",2022-05-17,1515915625468238518-4439-6283415934145,0,-1.0,no_information,no_information,1970-01-01 00:00:00,0,0.0,0.0,0.0,0.0,0.0,0.0,0.0,0.0,0.0
101,1515915625468246724,1,2499.0,"['4', '28', '58', '434']",2022-05-17,1515915625468246724-4439-628341532dee2,1,-1.0,no_information,no_information,1970-01-01 00:00:00,0,0.0,0.0,0.0,0.0,0.0,0.0,0.0,0.0,0.0
102,1515915625468249492,1,1499.0,"['4', '28', '275', '421']",2022-05-17,1515915625468249492-4439-6283412d90889,0,-1.0,no_information,no_information,1970-01-01 00:00:00,0,0.0,0.0,0.0,0.0,0.0,0.0,0.0,0.0,0.0
103,1515915625468249492,1,1499.0,"['4', '28', '244', '432']",2022-05-17,1515915625468249492-4439-6283412d90889,0,-1.0,no_information,no_information,1970-01-01 00:00:00,0,0.0,0.0,0.0,0.0,0.0,0.0,0.0,0.0,0.0
104,1515915625470659175,1,2199.0,"['4', '28', '275', '421']",2022-05-17,1515915625470659175-4439-62834133229f5,0,-1.0,no_information,no_information,1970-01-01 00:00:00,0,0.0,0.0,0.0,0.0,0.0,0.0,0.0,0.0,0.0
105,1515915625470668893,1,399.0,"['5562', '5630', '5649', '1582']",2022-05-17,1515915625470668893-4439-628341256b049,0,-1.0,no_information,no_information,1970-01-01 00:00:00,0,0.0,0.0,0.0,0.0,0.0,0.0,0.0,0.0,0.0
106,1515915625470737089,1,999.0,"['4', '28', '49', '684']",2022-05-17,1515915625470737089-4439-6283411c136a8,0,-1.0,no_information,no_information,1970-01-01 00:00:00,0,0.0,0.0,0.0,0.0,0.0,0.0,0.0,0.0,0.0
107,1515915625470737089,2,999.0,"['4', '28', '49', '684']",2022-05-17,1515915625470737089-4439-6283411c136a8,0,-1.0,no_information,no_information,1970-01-01 00:00:00,0,0.0,0.0,0.0,0.0,0.0,0.0,0.0,0.0,0.0
108,1515915625470815833,1,1499.0,"['4', '28', '49', '413']",2022-05-17,1515915625470815833-4439-6283411c5aef6,0,-1.0,no_information,no_information,1970-01-01 00:00:00,0,0.0,0.0,0.0,0.0,0.0,0.0,0.0,0.0,0.0
109,1515915625470912412,1,999.0,"['4', '27', '202', '701']",2022-05-17,1515915625470912412-4439-6283411c15d60,0,4439.0,open,email,2022-05-21,1,5452.0,92.0,32766.0,5452.0,0.0,32766.0,0.0,92.0,0.0
110,1515915625470938871,1,999.0,"['4', '28', '275', '421']",2022-05-17,1515915625470938871-4439-62834151335aa,0,-1.0,no_information,no_information,1970-01-01 00:00:00,0,0.0,0.0,0.0,0.0,0.0,0.0,0.0,0.0,0.0
111,1515915625471076013,1,2999.0,"['4', '28', '156', '416']",2022-05-17,1515915625471076013-4439-6283414fedc51,0,-1.0,no_information,no_information,1970-01-01 00:00:00,0,0.0,0.0,0.0,0.0,0.0,0.0,0.0,0.0,0.0
112,1515915625471111919,1,79.0,"['2', '17', '173', '1598']",2022-05-17,1515915625471111919-4439-62834130b5e38,0,-1.0,no_information,no_information,1970-01-01 00:00:00,0,0.0,0.0,0.0,0.0,0.0,0.0,0.0,0.0,0.0
113,1515915625471111919,1,79.0,"['2', '17', '173', '1598']",2022-05-17,1515915625471111919-4439-62834130b5e38,0,-1.0,no_information,no_information,1970-01-01 00:00:00,0,0.0,0.0,0.0,0.0,0.0,0.0,0.0,0.0,0.0
114,1515915625471143578,1,1799.0,"['4', '28', '260', '420']",2022-05-17,1515915625471143578-4439-6283415a428e4,0,-1.0,no_information,no_information,1970-01-01 00:00:00,0,0.0,0.0,0.0,0.0,0.0,0.0,0.0,0.0,0.0
115,1515915625471143578,1,1799.0,"['4', '28', '260', '420']",2022-05-17,1515915625471143578-4439-6283415a428e4,0,-1.0,no_information,no_information,1970-01-01 00:00:00,0,0.0,0.0,0.0,0.0,0.0,0.0,0.0,0.0,0.0
116,1515915625471276347,1,1299.0,"['4', '28', '213', '417']",2022-05-17,1515915625471276347-4439-62834144a16e5,0,-1.0,no_information,no_information,1970-01-01 00:00:00,0,0.0,0.0,0.0,0.0,0.0,0.0,0.0,0.0,0.0
117,1515915625471517948,1,2199.0,"['4', '28', '57', '431']",2022-05-17,1515915625471517948-4439-6283412720f08,0,-1.0,no_information,no_information,1970-01-01 00:00:00,0,0.0,0.0,0.0,0.0,0.0,0.0,0.0,0.0,0.0
118,1515915625471517948,1,2199.0,"['4', '28', '57', '431']",2022-05-17,1515915625471517948-4439-6283412720f08,0,-1.0,no_information,no_information,1970-01-01 00:00:00,0,0.0,0.0,0.0,0.0,0.0,0.0,0.0,0.0,0.0
119,1515915625471517948,1,2199.0,"['4', '28', '57', '431']",2022-05-17,1515915625471517948-4439-6283412720f08,0,-1.0,no_information,no_information,1970-01-01 00:00:00,0,0.0,0.0,0.0,0.0,0.0,0.0,0.0,0.0,0.0
120,1515915625471517948,1,3999.0,"['4', '28', '213', '417']",2022-05-17,1515915625471517948-4439-6283412720f08,0,-1.0,no_information,no_information,1970-01-01 00:00:00,0,0.0,0.0,0.0,0.0,0.0,0.0,0.0,0.0,0.0
121,1515915625471646558,1,2399.0,"['4', '28', '146', '548']",2022-05-17,1515915625471646558-4439-62834137dc199,0,-1.0,no_information,no_information,1970-01-01 00:00:00,0,0.0,0.0,0.0,0.0,0.0,0.0,0.0,0.0,0.0
122,1515915625471646558,1,1499.0,"['4', '28', '146', '548']",2022-05-17,1515915625471646558-4439-62834137dc199,0,-1.0,no_information,no_information,1970-01-01 00:00:00,0,0.0,0.0,0.0,0.0,0.0,0.0,0.0,0.0,0.0
123,1515915625471650851,1,599.0,"['2', '18', '123', '451']",2022-05-17,1515915625471650851-4439-6283412631218,0,-1.0,no_information,no_information,1970-01-01 00:00:00,0,0.0,0.0,0.0,0.0,0.0,0.0,0.0,0.0,0.0
124,1515915625471861769,1,5999.0,"['5562', '5683', '5665', '1006']",2022-05-17,1515915625471861769-4439-6283411d9fdd2,0,-1.0,no_information,no_information,1970-01-01 00:00:00,0,0.0,0.0,0.0,0.0,0.0,0.0,0.0,0.0,0.0
125,1515915625472200955,1,999.0,"['4', '28', '275', '421']",2022-05-17,1515915625472200955-4439-628341379d8ee,1,-1.0,no_information,no_information,1970-01-01 00:00:00,0,0.0,0.0,0.0,0.0,0.0,0.0,0.0,0.0,0.0
126,1515915625472200955,1,999.0,"['4', '28', '275', '421']",2022-05-17,1515915625472200955-4439-628341379d8ee,1,-1.0,no_information,no_information,1970-01-01 00:00:00,0,0.0,0.0,0.0,0.0,0.0,0.0,0.0,0.0,0.0
127,1515915625472200955,1,999.0,"['4', '28', '49', '684']",2022-05-17,1515915625472200955-4439-628341379d8ee,1,-1.0,no_information,no_information,1970-01-01 00:00:00,0,0.0,0.0,0.0,0.0,0.0,0.0,0.0,0.0,0.0
128,1515915625472278997,1,1999.0,"['4', '28', '213', '436']",2022-05-17,1515915625472278997-4439-6283411fab824,0,-1.0,no_information,no_information,1970-01-01 00:00:00,0,0.0,0.0,0.0,0.0,0.0,0.0,0.0,0.0,0.0
129,1515915625472712150,1,199.0,"['4', '27', '181', '464']",2022-05-17,1515915625472712150-4439-62834135cbaef,0,-1.0,no_information,no_information,1970-01-01 00:00:00,0,0.0,0.0,0.0,0.0,0.0,0.0,0.0,0.0,0.0
130,1515915625472712150,1,99.0,"['4', '27', '287', '510']",2022-05-17,1515915625472712150-4439-62834135cbaef,0,-1.0,no_information,no_information,1970-01-01 00:00:00,0,0.0,0.0,0.0,0.0,0.0,0.0,0.0,0.0,0.0
131,1515915625472712150,1,99.0,"['4', '27', '287', '510']",2022-05-17,1515915625472712150-4439-62834135cbaef,0,-1.0,no_information,no_information,1970-01-01 00:00:00,0,0.0,0.0,0.0,0.0,0.0,0.0,0.0,0.0,0.0
132,1515915625474015651,1,1499.0,"['5562', '5631', '5608', '561']",2022-05-17,1515915625474015651-563-60e55f1abed1e,0,-1.0,no_information,no_information,1970-01-01 00:00:00,0,0.0,0.0,0.0,0.0,0.0,0.0,0.0,0.0,0.0
133,1515915625474342635,1,2199.0,"['4', '29', '312', '934']",2022-05-17,1515915625474342635-4439-6283412b8595a,0,-1.0,no_information,no_information,1970-01-01 00:00:00,0,0.0,0.0,0.0,0.0,0.0,0.0,0.0,0.0,0.0
134,1515915625474566926,1,3299.0,"['4', '28', '213', '436']",2022-05-17,1515915625474566926-4439-628341254d5c7,0,-1.0,no_information,no_information,1970-01-01 00:00:00,0,0.0,0.0,0.0,0.0,0.0,0.0,0.0,0.0,0.0
135,1515915625474728796,1,2499.0,"['4', '28', '57', '431']",2022-05-17,1515915625474728796-4301-627b661767834,0,-1.0,no_information,no_information,1970-01-01 00:00:00,0,0.0,0.0,0.0,0.0,0.0,0.0,0.0,0.0,0.0
136,1515915625474899637,1,1999.0,"['4', '28', '275', '421']",2022-05-17,1515915625474899637-4439-628341202f456,0,-1.0,no_information,no_information,1970-01-01 00:00:00,0,0.0,0.0,0.0,0.0,0.0,0.0,0.0,0.0,0.0
137,1515915625475766379,1,3199.0,"['4', '28', '213', '436']",2022-05-17,1515915625475766379-4439-628341573880b,0,-1.0,no_information,no_information,1970-01-01 00:00:00,0,0.0,0.0,0.0,0.0,0.0,0.0,0.0,0.0,0.0
138,1515915625478655004,1,1999.0,"['4', '28', '275', '421']",2022-05-17,1515915625478655004-4439-6283411d1a290,1,4439.0,click,email,2022-05-19,1,5452.0,92.0,32766.0,5452.0,0.0,32766.0,0.0,92.0,0.0
139,1515915625478655004,1,1999.0,"['4', '28', '275', '421']",2022-05-17,1515915625478655004-4439-6283411d1a290,1,4439.0,open,email,2022-05-19,1,5452.0,92.0,32766.0,5452.0,0.0,32766.0,0.0,92.0,0.0
140,1515915625478655004,1,1999.0,"['4', '28', '275', '421']",2022-05-17,1515915625478655004-4439-6283411d1a290,1,4439.0,open,email,2022-05-20,1,5452.0,92.0,32766.0,5452.0,0.0,32766.0,0.0,92.0,0.0
141,1515915625478655004,1,1999.0,"['4', '28', '275', '421']",2022-05-17,1515915625478655004-4439-6283411d1a290,1,4439.0,click,email,2022-05-20,1,5452.0,92.0,32766.0,5452.0,0.0,32766.0,0.0,92.0,0.0
142,1515915625478655004,1,1999.0,"['4', '28', '275', '421']",2022-05-17,1515915625478655004-4439-6283411d1a290,1,4439.0,open,email,2022-05-21,1,5452.0,92.0,32766.0,5452.0,0.0,32766.0,0.0,92.0,0.0
143,1515915625478655004,1,1999.0,"['4', '28', '275', '421']",2022-05-17,1515915625478655004-4439-6283411d1a290,1,4439.0,click,email,2022-05-22,1,5452.0,92.0,32766.0,5452.0,0.0,32766.0,0.0,92.0,0.0
144,1515915625478655004,1,1999.0,"['4', '28', '275', '421']",2022-05-17,1515915625478655004-4439-6283411d1a290,1,4439.0,open,email,2022-05-23,1,5452.0,92.0,32766.0,5452.0,0.0,32766.0,0.0,92.0,0.0
145,1515915625478655004,1,1999.0,"['4', '28', '275', '421']",2022-05-17,1515915625478655004-4439-6283411d1a290,1,4439.0,open,email,2022-05-25,1,5452.0,92.0,32766.0,5452.0,0.0,32766.0,0.0,92.0,0.0
146,1515915625478655004,1,1999.0,"['4', '28', '275', '421']",2022-05-17,1515915625478655004-4439-6283411d1a290,1,4439.0,open,email,2022-11-28,1,5452.0,92.0,32766.0,5452.0,0.0,32766.0,0.0,92.0,0.0
147,1515915625478751298,1,1499.0,"['5562', '5630', '5607', '555']",2022-05-17,1515915625478751298-4439-628341462ee28,0,-1.0,no_information,no_information,1970-01-01 00:00:00,0,0.0,0.0,0.0,0.0,0.0,0.0,0.0,0.0,0.0
148,1515915625479280105,1,399.0,"['4', '28', '244', '432']",2022-05-17,1515915625479280105-4439-62834134be303,0,-1.0,no_information,no_information,1970-01-01 00:00:00,0,0.0,0.0,0.0,0.0,0.0,0.0,0.0,0.0,0.0
149,1515915625479280105,1,99.0,"['4', '27', '287', '546']",2022-05-17,1515915625479280105-4439-62834134be303,0,-1.0,no_information,no_information,1970-01-01 00:00:00,0,0.0,0.0,0.0,0.0,0.0,0.0,0.0,0.0,0.0
150,1515915625479280105,1,899.0,"['4', '28', '340', '1312']",2022-05-17,1515915625479280105-4439-62834134be303,0,-1.0,no_information,no_information,1970-01-01 00:00:00,0,0.0,0.0,0.0,0.0,0.0,0.0,0.0,0.0,0.0
151,1515915625480897166,1,299.0,"['4', '27', '287', '544']",2022-05-17,1515915625480897166-4439-62834154d6939,0,-1.0,no_information,no_information,1970-01-01 00:00:00,0,0.0,0.0,0.0,0.0,0.0,0.0,0.0,0.0,0.0
152,1515915625480897166,1,199.0,"['4', '27', '287', '544']",2022-05-17,1515915625480897166-4439-62834154d6939,0,-1.0,no_information,no_information,1970-01-01 00:00:00,0,0.0,0.0,0.0,0.0,0.0,0.0,0.0,0.0,0.0
153,1515915625482542883,1,19.0,"['4', '28', '44', '489']",2022-05-17,1515915625482542883-4439-628341466e07d,0,-1.0,no_information,no_information,1970-01-01 00:00:00,0,0.0,0.0,0.0,0.0,0.0,0.0,0.0,0.0,0.0
154,1515915625482542883,1,19.0,"['4', '28', '44', '489']",2022-05-17,1515915625482542883-4439-628341466e07d,0,-1.0,no_information,no_information,1970-01-01 00:00:00,0,0.0,0.0,0.0,0.0,0.0,0.0,0.0,0.0,0.0
155,1515915625483144229,1,2799.0,"['4', '28', '213', '436']",2022-05-17,1515915625483144229-4439-6283411d2533f,0,-1.0,no_information,no_information,1970-01-01 00:00:00,0,0.0,0.0,0.0,0.0,0.0,0.0,0.0,0.0,0.0
156,1515915625484115155,1,2999.0,"['2', '18', '212', '726']",2022-05-17,1515915625484115155-4439-6283414cecf1a,0,-1.0,no_information,no_information,1970-01-01 00:00:00,0,0.0,0.0,0.0,0.0,0.0,0.0,0.0,0.0,0.0
157,1515915625487011325,1,999.0,"['4', '28', '275', '421']",2022-05-17,1515915625487011325-4439-62834133e6d68,0,-1.0,no_information,no_information,1970-01-01 00:00:00,0,0.0,0.0,0.0,0.0,0.0,0.0,0.0,0.0,0.0
158,1515915625487031121,1,1799.0,"['2', '18', '258', '441']",2022-05-17,1515915625487031121-4439-6283411d477ed,0,-1.0,no_information,no_information,1970-01-01 00:00:00,0,0.0,0.0,0.0,0.0,0.0,0.0,0.0,0.0,0.0
159,1515915625487031121,1,2199.0,"['4', '28', '57', '431']",2022-05-17,1515915625487031121-4439-6283411d477ed,0,-1.0,no_information,no_information,1970-01-01 00:00:00,0,0.0,0.0,0.0,0.0,0.0,0.0,0.0,0.0,0.0
160,1515915625487031121,1,2399.0,"['4', '28', '260', '420']",2022-05-17,1515915625487031121-4439-6283411d477ed,0,-1.0,no_information,no_information,1970-01-01 00:00:00,0,0.0,0.0,0.0,0.0,0.0,0.0,0.0,0.0,0.0
161,1515915625487035242,1,199.0,"['4', '27', '278', '470']",2022-05-17,1515915625487035242-4366-627bc875b15e4,0,-1.0,no_information,no_information,1970-01-01 00:00:00,0,0.0,0.0,0.0,0.0,0.0,0.0,0.0,0.0,0.0
162,1515915625487035242,1,299.0,"['5562', '5634', '5626', '572']",2022-05-17,1515915625487035242-4366-627bc875b15e4,0,-1.0,no_information,no_information,1970-01-01 00:00:00,0,0.0,0.0,0.0,0.0,0.0,0.0,0.0,0.0,0.0
163,1515915625487035242,1,49.0,"['4', '27', '38', '478']",2022-05-17,1515915625487035242-4366-627bc875b15e4,0,-1.0,no_information,no_information,1970-01-01 00:00:00,0,0.0,0.0,0.0,0.0,0.0,0.0,0.0,0.0,0.0
164,1515915625487035242,1,49.0,"['4', '27', '38', '478']",2022-05-17,1515915625487035242-4366-627bc875b15e4,0,-1.0,no_information,no_information,1970-01-01 00:00:00,0,0.0,0.0,0.0,0.0,0.0,0.0,0.0,0.0,0.0
165,1515915625487035242,1,49.0,"['5562', '5536', '5537', '842']",2022-05-17,1515915625487035242-4366-627bc875b15e4,0,-1.0,no_information,no_information,1970-01-01 00:00:00,0,0.0,0.0,0.0,0.0,0.0,0.0,0.0,0.0,0.0
166,1515915625487035242,1,49.0,"['5562', '5536', '5537', '842']",2022-05-17,1515915625487035242-4366-627bc875b15e4,0,-1.0,no_information,no_information,1970-01-01 00:00:00,0,0.0,0.0,0.0,0.0,0.0,0.0,0.0,0.0,0.0
167,1515915625487035242,1,49.0,"['5562', '5536', '5537', '842']",2022-05-17,1515915625487035242-4366-627bc875b15e4,0,-1.0,no_information,no_information,1970-01-01 00:00:00,0,0.0,0.0,0.0,0.0,0.0,0.0,0.0,0.0,0.0
168,1515915625487035242,1,99.0,"['5562', '5597', '5614', '1691']",2022-05-17,1515915625487035242-4366-627bc875b15e4,0,-1.0,no_information,no_information,1970-01-01 00:00:00,0,0.0,0.0,0.0,0.0,0.0,0.0,0.0,0.0,0.0
169,1515915625487074517,1,1999.0,"['4', '28', '156', '416']",2022-05-17,1515915625487074517-4439-6283413ea40fd,0,-1.0,no_information,no_information,1970-01-01 00:00:00,0,0.0,0.0,0.0,0.0,0.0,0.0,0.0,0.0,0.0
170,1515915625487074517,1,1999.0,"['4', '28', '156', '416']",2022-05-17,1515915625487074517-4439-6283413ea40fd,0,-1.0,no_information,no_information,1970-01-01 00:00:00,0,0.0,0.0,0.0,0.0,0.0,0.0,0.0,0.0,0.0
171,1515915625487074517,1,2499.0,"['4', '28', '156', '416']",2022-05-17,1515915625487074517-4439-6283413ea40fd,0,-1.0,no_information,no_information,1970-01-01 00:00:00,0,0.0,0.0,0.0,0.0,0.0,0.0,0.0,0.0,0.0
172,1515915625487074517,1,2499.0,"['4', '28', '156', '416']",2022-05-17,1515915625487074517-4439-6283413ea40fd,0,-1.0,no_information,no_information,1970-01-01 00:00:00,0,0.0,0.0,0.0,0.0,0.0,0.0,0.0,0.0,0.0
173,1515915625487074517,1,1999.0,"['4', '28', '156', '416']",2022-05-17,1515915625487074517-4439-6283413ea40fd,0,-1.0,no_information,no_information,1970-01-01 00:00:00,0,0.0,0.0,0.0,0.0,0.0,0.0,0.0,0.0,0.0
174,1515915625487251938,1,3499.0,"['4', '28', '260', '420']",2022-05-17,1515915625487251938-4439-6283414600a81,0,-1.0,no_information,no_information,1970-01-01 00:00:00,0,0.0,0.0,0.0,0.0,0.0,0.0,0.0,0.0,0.0
175,1515915625487251938,1,3499.0,"['4', '28', '260', '420']",2022-05-17,1515915625487251938-4439-6283414600a81,0,-1.0,no_information,no_information,1970-01-01 00:00:00,0,0.0,0.0,0.0,0.0,0.0,0.0,0.0,0.0,0.0
176,1515915625487414818,1,399.0,"['4', '5837', '5838', '1848']",2022-05-17,1515915625487414818-4439-628341287c4f7,0,-1.0,no_information,no_information,1970-01-01 00:00:00,0,0.0,0.0,0.0,0.0,0.0,0.0,0.0,0.0,0.0
177,1515915625487414818,1,249.0,"['4', '5837', '5838', '5502']",2022-05-17,1515915625487414818-4439-628341287c4f7,0,-1.0,no_information,no_information,1970-01-01 00:00:00,0,0.0,0.0,0.0,0.0,0.0,0.0,0.0,0.0,0.0
178,1515915625487456685,1,999.0,"['4', '28', '57', '431']",2022-05-17,1515915625487456685-4439-6283413b53a82,0,-1.0,no_information,no_information,1970-01-01 00:00:00,0,0.0,0.0,0.0,0.0,0.0,0.0,0.0,0.0,0.0
179,1515915625487456685,1,1499.0,"['4', '31', '324', '1431']",2022-05-17,1515915625487456685-4439-6283413b53a82,0,-1.0,no_information,no_information,1970-01-01 00:00:00,0,0.0,0.0,0.0,0.0,0.0,0.0,0.0,0.0,0.0
180,1515915625487456685,1,1299.0,"['4', '31', '324', '879']",2022-05-17,1515915625487456685-4439-6283413b53a82,0,-1.0,no_information,no_information,1970-01-01 00:00:00,0,0.0,0.0,0.0,0.0,0.0,0.0,0.0,0.0,0.0
181,1515915625487456685,1,1699.0,"['4', '28', '57', '431']",2022-05-17,1515915625487456685-4439-6283413b53a82,0,-1.0,no_information,no_information,1970-01-01 00:00:00,0,0.0,0.0,0.0,0.0,0.0,0.0,0.0,0.0,0.0
182,1515915625487527242,1,2199.0,"['4', '28', '57', '431']",2022-05-17,1515915625487527242-4439-62834156cdeee,0,-1.0,no_information,no_information,1970-01-01 00:00:00,0,0.0,0.0,0.0,0.0,0.0,0.0,0.0,0.0,0.0
183,1515915625487598484,1,1699.0,"['2', '18', '123', '451']",2022-05-17,1515915625487598484-4439-62834153303b4,0,-1.0,no_information,no_information,1970-01-01 00:00:00,0,0.0,0.0,0.0,0.0,0.0,0.0,0.0,0.0,0.0
184,1515915625487598484,1,1999.0,"['2', '18', '123', '451']",2022-05-17,1515915625487598484-4439-62834153303b4,0,-1.0,no_information,no_information,1970-01-01 00:00:00,0,0.0,0.0,0.0,0.0,0.0,0.0,0.0,0.0,0.0
185,1515915625487603375,1,2799.0,"['4', '28', '213', '436']",2022-05-17,1515915625487603375-4439-628341207f106,1,-1.0,no_information,no_information,1970-01-01 00:00:00,0,0.0,0.0,0.0,0.0,0.0,0.0,0.0,0.0,0.0
186,1515915625487648640,1,1999.0,"['4', '28', '290', '422']",2022-05-17,1515915625487648640-4439-6283413b6acc0,0,-1.0,no_information,no_information,1970-01-01 00:00:00,0,0.0,0.0,0.0,0.0,0.0,0.0,0.0,0.0,0.0
187,1515915625487648640,1,2199.0,"['4', '28', '239', '418']",2022-05-17,1515915625487648640-4439-6283413b6acc0,0,-1.0,no_information,no_information,1970-01-01 00:00:00,0,0.0,0.0,0.0,0.0,0.0,0.0,0.0,0.0,0.0
188,1515915625487648640,1,1999.0,"['4', '28', '239', '418']",2022-05-17,1515915625487648640-4439-6283413b6acc0,0,-1.0,no_information,no_information,1970-01-01 00:00:00,0,0.0,0.0,0.0,0.0,0.0,0.0,0.0,0.0,0.0
189,1515915625487648640,1,2499.0,"['4', '28', '260', '420']",2022-05-17,1515915625487648640-4439-6283413b6acc0,0,-1.0,no_information,no_information,1970-01-01 00:00:00,0,0.0,0.0,0.0,0.0,0.0,0.0,0.0,0.0,0.0
190,1515915625487654440,1,2499.0,"['4', '28', '57', '431']",2022-05-17,1515915625487654440-4439-6283411fce79a,0,-1.0,no_information,no_information,1970-01-01 00:00:00,0,0.0,0.0,0.0,0.0,0.0,0.0,0.0,0.0,0.0
191,1515915625487800075,1,399.0,"['2', '17', '180', '465']",2022-05-17,1515915625487800075-4439-62834152bb3c1,0,-1.0,no_information,no_information,1970-01-01 00:00:00,0,0.0,0.0,0.0,0.0,0.0,0.0,0.0,0.0,0.0
192,1515915625487800075,1,399.0,"['2', '17', '180', '465']",2022-05-17,1515915625487800075-4439-62834152bb3c1,0,-1.0,no_information,no_information,1970-01-01 00:00:00,0,0.0,0.0,0.0,0.0,0.0,0.0,0.0,0.0,0.0
193,1515915625488003446,1,2999.0,"['4', '28', '260', '420']",2022-05-17,1515915625488003446-4439-62834146ede99,0,-1.0,no_information,no_information,1970-01-01 00:00:00,0,0.0,0.0,0.0,0.0,0.0,0.0,0.0,0.0,0.0
194,1515915625488021656,1,399.0,"['5562', '5630', '5677', '628']",2022-05-17,1515915625488021656-4439-6283411ecb6af,0,-1.0,no_information,no_information,1970-01-01 00:00:00,0,0.0,0.0,0.0,0.0,0.0,0.0,0.0,0.0,0.0
195,1515915625488021656,1,399.0,"['5562', '5630', '5677', '628']",2022-05-17,1515915625488021656-4439-6283411ecb6af,0,-1.0,no_information,no_information,1970-01-01 00:00:00,0,0.0,0.0,0.0,0.0,0.0,0.0,0.0,0.0,0.0
196,1515915625488021656,1,399.0,"['5562', '5630', '5677', '628']",2022-05-17,1515915625488021656-4439-6283411ecb6af,0,-1.0,no_information,no_information,1970-01-01 00:00:00,0,0.0,0.0,0.0,0.0,0.0,0.0,0.0,0.0,0.0
197,1515915625488021656,1,399.0,"['5562', '5630', '5677', '628']",2022-05-17,1515915625488021656-4439-6283411ecb6af,0,-1.0,no_information,no_information,1970-01-01 00:00:00,0,0.0,0.0,0.0,0.0,0.0,0.0,0.0,0.0,0.0
198,1515915625488021656,1,399.0,"['5562', '5630', '5677', '628']",2022-05-17,1515915625488021656-4439-6283411ecb6af,0,-1.0,no_information,no_information,1970-01-01 00:00:00,0,0.0,0.0,0.0,0.0,0.0,0.0,0.0,0.0,0.0
199,1515915625488042230,1,2199.0,"['5562', '5630', '5667', '551']",2022-05-17,1515915625488042230-4439-6283414c23e0c,0,4439.0,open,email,2022-05-20,1,5452.0,92.0,32766.0,5452.0,0.0,32766.0,0.0,92.0,0.0
200,1515915625488042230,1,2199.0,"['5562', '5630', '5667', '551']",2022-05-17,1515915625488042230-4439-6283414c23e0c,0,4439.0,open,email,2022-06-02,1,5452.0,92.0,32766.0,5452.0,0.0,32766.0,0.0,92.0,0.0
201,1515915625488238574,1,999.0,"['4', '28', '49', '684']",2022-05-17,1515915625488238574-4439-62834146ec9e5,0,-1.0,no_information,no_information,1970-01-01 00:00:00,0,0.0,0.0,0.0,0.0,0.0,0.0,0.0,0.0,0.0
202,1515915625488238574,1,999.0,"['4', '28', '49', '684']",2022-05-17,1515915625488238574-4439-62834146ec9e5,0,-1.0,no_information,no_information,1970-01-01 00:00:00,0,0.0,0.0,0.0,0.0,0.0,0.0,0.0,0.0,0.0
203,1515915625488238574,1,999.0,"['4', '28', '244', '432']",2022-05-17,1515915625488238574-4439-62834146ec9e5,0,-1.0,no_information,no_information,1970-01-01 00:00:00,0,0.0,0.0,0.0,0.0,0.0,0.0,0.0,0.0,0.0
204,1515915625488257792,1,2499.0,"['4', '28', '249', '615']",2022-05-17,1515915625488257792-4439-628341358fdb8,0,-1.0,no_information,no_information,1970-01-01 00:00:00,0,0.0,0.0,0.0,0.0,0.0,0.0,0.0,0.0,0.0
205,1515915625488257792,1,1999.0,"['4', '28', '218', '652']",2022-05-17,1515915625488257792-4439-628341358fdb8,0,-1.0,no_information,no_information,1970-01-01 00:00:00,0,0.0,0.0,0.0,0.0,0.0,0.0,0.0,0.0,0.0
206,1515915625488290703,1,99.0,"['4', '27', '176', '524']",2022-05-17,1515915625488290703-4439-6283412f75926,0,-1.0,no_information,no_information,1970-01-01 00:00:00,0,0.0,0.0,0.0,0.0,0.0,0.0,0.0,0.0,0.0
207,1515915625488290703,1,99.0,"['4', '27', '176', '524']",2022-05-17,1515915625488290703-4439-6283412f75926,0,-1.0,no_information,no_information,1970-01-01 00:00:00,0,0.0,0.0,0.0,0.0,0.0,0.0,0.0,0.0,0.0
208,1515915625488312642,1,2399.0,"['4', '28', '146', '548']",2022-05-17,1515915625488312642-2499-61d2a0a931d43,0,-1.0,no_information,no_information,1970-01-01 00:00:00,0,0.0,0.0,0.0,0.0,0.0,0.0,0.0,0.0,0.0
209,1515915625488312642,1,1999.0,"['4', '28', '124', '415']",2022-05-17,1515915625488312642-2499-61d2a0a931d43,0,-1.0,no_information,no_information,1970-01-01 00:00:00,0,0.0,0.0,0.0,0.0,0.0,0.0,0.0,0.0,0.0
210,1515915625488361651,1,129.0,"['4', '5837', '5836', '1047']",2022-05-17,1515915625488361651-4439-6283414e47566,0,-1.0,no_information,no_information,1970-01-01 00:00:00,0,0.0,0.0,0.0,0.0,0.0,0.0,0.0,0.0,0.0
211,1515915625488361651,1,179.0,"['4', '5837', '5836', '1047']",2022-05-17,1515915625488361651-4439-6283414e47566,0,-1.0,no_information,no_information,1970-01-01 00:00:00,0,0.0,0.0,0.0,0.0,0.0,0.0,0.0,0.0,0.0
212,1515915625488361651,1,499.0,"['4', '5837', '5836', '1167']",2022-05-17,1515915625488361651-4439-6283414e47566,0,-1.0,no_information,no_information,1970-01-01 00:00:00,0,0.0,0.0,0.0,0.0,0.0,0.0,0.0,0.0,0.0
213,1515915625488361651,1,199.0,"['4', '5837', '5836', '1567']",2022-05-17,1515915625488361651-4439-6283414e47566,0,-1.0,no_information,no_information,1970-01-01 00:00:00,0,0.0,0.0,0.0,0.0,0.0,0.0,0.0,0.0,0.0
214,1515915625488489794,1,299.0,"['4', '5837', '5838', '5504']",2022-05-17,1515915625488489794-4439-62834147938b1,0,-1.0,no_information,no_information,1970-01-01 00:00:00,0,0.0,0.0,0.0,0.0,0.0,0.0,0.0,0.0,0.0
215,1515915625488489794,1,399.0,"['4', '5837', '5838', '5504']",2022-05-17,1515915625488489794-4439-62834147938b1,0,-1.0,no_information,no_information,1970-01-01 00:00:00,0,0.0,0.0,0.0,0.0,0.0,0.0,0.0,0.0,0.0
216,1515915625488517138,1,3899.0,"['4', '28', '275', '421']",2022-05-17,1515915625488517138-4439-6283412b04232,0,-1.0,no_information,no_information,1970-01-01 00:00:00,0,0.0,0.0,0.0,0.0,0.0,0.0,0.0,0.0,0.0
217,1515915625488525979,1,2799.0,"['4', '28', '213', '436']",2022-05-17,1515915625488525979-4439-6283413c8df08,0,4439.0,open,email,2022-06-02,1,5452.0,92.0,32766.0,5452.0,0.0,32766.0,0.0,92.0,0.0
218,1515915625488532497,1,2199.0,"['4', '28', '244', '432']",2022-05-17,1515915625488532497-4439-628341376d969,0,-1.0,no_information,no_information,1970-01-01 00:00:00,0,0.0,0.0,0.0,0.0,0.0,0.0,0.0,0.0,0.0
219,1515915625488585012,1,1999.0,"['5562', '5630', '5592', '676']",2022-05-17,1515915625488585012-4439-6283412b9fe19,0,-1.0,no_information,no_information,1970-01-01 00:00:00,0,0.0,0.0,0.0,0.0,0.0,0.0,0.0,0.0,0.0
220,1515915625488660402,1,999.0,"['4', '27', '142', '496']",2022-05-17,1515915625488660402-4439-6283412f913d9,0,-1.0,no_information,no_information,1970-01-01 00:00:00,0,0.0,0.0,0.0,0.0,0.0,0.0,0.0,0.0,0.0
221,1515915625488660402,1,1699.0,"['5562', '5630', '5667', '551']",2022-05-17,1515915625488660402-4439-6283412f913d9,0,-1.0,no_information,no_information,1970-01-01 00:00:00,0,0.0,0.0,0.0,0.0,0.0,0.0,0.0,0.0,0.0
222,1515915625488677000,1,2199.0,"['4', '28', '244', '432']",2022-05-17,1515915625488677000-4439-6283411dec15e,0,-1.0,no_information,no_information,1970-01-01 00:00:00,0,0.0,0.0,0.0,0.0,0.0,0.0,0.0,0.0,0.0
223,1515915625488775995,1,1799.0,"['4', '28', '275', '421']",2022-05-17,1515915625488775995-4439-6283411b67c56,0,-1.0,no_information,no_information,1970-01-01 00:00:00,0,0.0,0.0,0.0,0.0,0.0,0.0,0.0,0.0,0.0
224,1515915625488777701,1,599.0,"['2', '18', '212', '726']",2022-05-17,1515915625488777701-4439-6283412c2c1b8,0,-1.0,no_information,no_information,1970-01-01 00:00:00,0,0.0,0.0,0.0,0.0,0.0,0.0,0.0,0.0,0.0
225,1515915625488841913,1,999.0,"['4', '28', '49', '684']",2022-05-17,1515915625488841913-4439-6283415a98555,0,-1.0,no_information,no_information,1970-01-01 00:00:00,0,0.0,0.0,0.0,0.0,0.0,0.0,0.0,0.0,0.0
226,1515915625489005046,1,1499.0,"['4', '28', '343', '425']",2022-05-17,1515915625489005046-4439-6283412e0aa3c,0,-1.0,no_information,no_information,1970-01-01 00:00:00,0,0.0,0.0,0.0,0.0,0.0,0.0,0.0,0.0,0.0
227,1515915625489025927,1,1999.0,"['4', '28', '57', '431']",2022-05-17,1515915625489025927-4439-62834144a1eaf,0,-1.0,no_information,no_information,1970-01-01 00:00:00,0,0.0,0.0,0.0,0.0,0.0,0.0,0.0,0.0,0.0
228,1515915625489041833,1,1499.0,"['5562', '5630', '5607', '555']",2022-05-17,1515915625489041833-4439-6283411b9eb05,0,4439.0,open,email,2022-06-01,1,5452.0,92.0,32766.0,5452.0,0.0,32766.0,0.0,92.0,0.0
229,1515915625489041833,1,1499.0,"['5562', '5630', '5607', '555']",2022-05-17,1515915625489041833-4439-6283411b9eb05,0,4439.0,open,email,2022-06-01,1,5452.0,92.0,32766.0,5452.0,0.0,32766.0,0.0,92.0,0.0
230,1515915625489048744,1,399.0,"['4', '28', '49', '413']",2022-05-17,1515915625489048744-4439-6283415a7de6b,1,-1.0,no_information,no_information,1970-01-01 00:00:00,0,0.0,0.0,0.0,0.0,0.0,0.0,0.0,0.0,0.0
231,1515915625489060114,1,2199.0,"['5562', '5630', '5667', '551']",2022-05-17,1515915625489060114-4439-6283412124c98,0,-1.0,no_information,no_information,1970-01-01 00:00:00,0,0.0,0.0,0.0,0.0,0.0,0.0,0.0,0.0,0.0
232,1515915625489060114,1,3299.0,"['4', '28', '275', '673']",2022-05-17,1515915625489060114-4439-6283412124c98,0,-1.0,no_information,no_information,1970-01-01 00:00:00,0,0.0,0.0,0.0,0.0,0.0,0.0,0.0,0.0,0.0
233,1515915625489060114,1,4499.0,"['4', '28', '275', '421']",2022-05-17,1515915625489060114-4439-6283412124c98,0,-1.0,no_information,no_information,1970-01-01 00:00:00,0,0.0,0.0,0.0,0.0,0.0,0.0,0.0,0.0,0.0
234,1515915625489073694,1,599.0,"['5562', '5633', '5612', '793']",2022-05-17,1515915625489073694-4439-62834149f1803,0,-1.0,no_information,no_information,1970-01-01 00:00:00,0,0.0,0.0,0.0,0.0,0.0,0.0,0.0,0.0,0.0
235,1515915625489073694,1,299.0,"['5562', '5633', '5612', '793']",2022-05-17,1515915625489073694-4439-62834149f1803,0,-1.0,no_information,no_information,1970-01-01 00:00:00,0,0.0,0.0,0.0,0.0,0.0,0.0,0.0,0.0,0.0
236,1515915625489077046,1,799.0,"['4', '31', '326', '505']",2022-05-17,1515915625489077046-4439-6283411e72adc,0,-1.0,no_information,no_information,1970-01-01 00:00:00,0,0.0,0.0,0.0,0.0,0.0,0.0,0.0,0.0,0.0
237,1515915625489077046,1,799.0,"['4', '31', '326', '505']",2022-05-17,1515915625489077046-4439-6283411e72adc,0,-1.0,no_information,no_information,1970-01-01 00:00:00,0,0.0,0.0,0.0,0.0,0.0,0.0,0.0,0.0,0.0
238,1515915625489077046,1,1799.0,"['4', '31', '329', '506']",2022-05-17,1515915625489077046-4439-6283411e72adc,0,-1.0,no_information,no_information,1970-01-01 00:00:00,0,0.0,0.0,0.0,0.0,0.0,0.0,0.0,0.0,0.0
239,1515915625489092244,1,2499.0,"['4', '28', '340', '1312']",2022-05-17,1515915625489092244-4439-6283412566762,0,-1.0,no_information,no_information,1970-01-01 00:00:00,0,0.0,0.0,0.0,0.0,0.0,0.0,0.0,0.0,0.0
240,1515915625489092244,1,2499.0,"['4', '28', '124', '415']",2022-05-17,1515915625489092244-4439-6283412566762,0,-1.0,no_information,no_information,1970-01-01 00:00:00,0,0.0,0.0,0.0,0.0,0.0,0.0,0.0,0.0,0.0
241,1515915625489092244,1,2799.0,"['4', '28', '213', '436']",2022-05-17,1515915625489092244-4439-6283412566762,0,-1.0,no_information,no_information,1970-01-01 00:00:00,0,0.0,0.0,0.0,0.0,0.0,0.0,0.0,0.0,0.0
242,1515915625489163413,1,399.0,"['2', '18', '267', '443']",2022-05-17,1515915625489163413-4439-6283412150ab4,0,-1.0,no_information,no_information,1970-01-01 00:00:00,0,0.0,0.0,0.0,0.0,0.0,0.0,0.0,0.0,0.0
243,1515915625489198477,1,599.0,"['5562', '5633', '5692', '637']",2022-05-17,1515915625489198477-4439-628341571e4ca,0,-1.0,no_information,no_information,1970-01-01 00:00:00,0,0.0,0.0,0.0,0.0,0.0,0.0,0.0,0.0,0.0
244,1515915625489198477,1,399.0,"['5562', '5633', '5692', '637']",2022-05-17,1515915625489198477-4439-628341571e4ca,0,-1.0,no_information,no_information,1970-01-01 00:00:00,0,0.0,0.0,0.0,0.0,0.0,0.0,0.0,0.0,0.0
245,1515915625489198477,1,599.0,"['5562', '5633', '5550', '848']",2022-05-17,1515915625489198477-4439-628341571e4ca,0,-1.0,no_information,no_information,1970-01-01 00:00:00,0,0.0,0.0,0.0,0.0,0.0,0.0,0.0,0.0,0.0
246,1515915625489236332,1,599.0,"['4', '28', '290', '424']",2022-05-17,1515915625489236332-4439-62834141e3b1a,0,-1.0,no_information,no_information,1970-01-01 00:00:00,0,0.0,0.0,0.0,0.0,0.0,0.0,0.0,0.0,0.0
247,1515915625489293195,1,2499.0,"['4', '28', '213', '436']",2022-05-17,1515915625489293195-4439-6283414f75db2,0,-1.0,no_information,no_information,1970-01-01 00:00:00,0,0.0,0.0,0.0,0.0,0.0,0.0,0.0,0.0,0.0
248,1515915625489305271,1,1199.0,"['4', '5837', '5838', '1565']",2022-05-17,1515915625489305271-4439-6283412b1573d,0,-1.0,no_information,no_information,1970-01-01 00:00:00,0,0.0,0.0,0.0,0.0,0.0,0.0,0.0,0.0,0.0
249,1515915625489389202,1,1999.0,"['4', '28', '239', '418']",2022-05-17,1515915625489389202-4301-627b6623eeeaa,0,-1.0,no_information,no_information,1970-01-01 00:00:00,0,0.0,0.0,0.0,0.0,0.0,0.0,0.0,0.0,0.0
